Metric,Value
RMSE,0.535150704730343
MAE,0.2284460078451847
R²,0.9291933468053073
